{"cameraMode":{"drawMode":0,"name":"Shaded","section":"Shading Mode"},"sceneLighting":true,"audioPlay":false,"sceneViewState":{"showFog":true,"showMaterialUpdate":true,"showSkybox":true,"showFlares":true,"showImageEffects":true,"showParticleSystems":true},"in2DMode":false,"pivot":{"x":-5.893627643585205,"y":3.1309428215026857,"z":-9.938947677612305},"rotation":{"x":0.03588256239891052,"y":-0.28957921266555788,"z":0.01086431834846735,"w":0.956419825553894},"size":2.8578836917877199,"orthographic":false}